[
    {
        "path": "404.html",
        "type": "file",
        "md5": "6c28cc2e0cbbb853d5a67659d8924cc7"
    },
    {
        "path": "abby-machakos-eco-pioneer.html",
        "type": "file",
        "md5": "6c929d1a89332a0db75a589d2d04add7"
    },
    {
        "path": "abigail-green-crusader.html",
        "type": "file",
        "md5": "c438415c3a71e6d4a4983ab269a67550"
    },
    {
        "path": "about.html",
        "type": "file",
        "md5": "600eaf7355f2d4034243ad80fdba9440"
    },
    {
        "path": "albanus-green-crusader.html",
        "type": "file",
        "md5": "71a8805c144ad4a888ce4a58051d8022"
    },
    {
        "path": "amani-green-crusader.html",
        "type": "file",
        "md5": "b493700265f8ac83566acb793aae1a82"
    },
    {
        "path": "anto-machakos-eco-pioneer.html",
        "type": "file",
        "md5": "fc65bf8ec207b3166a2eef5d83e8ccca"
    },
    {
        "path": "assets",
        "type": "directory",
        "md5": false
    },
    {
        "path": "assets/css",
        "type": "directory",
        "md5": false
    },
    {
        "path": "/assets/css/editor.css",
        "type": "file",
        "md5": "e5909a88ba1158a79ba2dbf82d6b2d86"
    },
    {
        "path": "/assets/css/main.css",
        "type": "file",
        "md5": "128aef3ee6fec5e8b8af95bd06393440"
    },
    {
        "path": "/assets/css/photoswipe.css",
        "type": "file",
        "md5": "ffb247881cd6f611d007fd4a96b7b16a"
    },
    {
        "path": "/assets/css/style.css",
        "type": "file",
        "md5": "cb6f3d61727d81fe0a2cfc10b1ad4cff"
    },
    {
        "path": "assets/js",
        "type": "directory",
        "md5": false
    },
    {
        "path": "/assets/js/isotope.pkgd.min.js",
        "type": "file",
        "md5": "2afcff647ed260006faa71c8e779e8d4"
    },
    {
        "path": "/assets/js/photoswipe-ui-default.min.js",
        "type": "file",
        "md5": "d067f0883540b1ddda0e2c9ad1b14260"
    },
    {
        "path": "/assets/js/photoswipe.min.js",
        "type": "file",
        "md5": "017385b552f7e0d979e2e2fe6f324015"
    },
    {
        "path": "/assets/js/scripts.js",
        "type": "file",
        "md5": "9d6f0b728b9e275f64873913d9c518ac"
    },
    {
        "path": "/assets/js/scripts.min.js",
        "type": "file",
        "md5": "b1f07db09e44ca999e985e714f8eba4e"
    },
    {
        "path": "/assets/js/svg-fix.js",
        "type": "file",
        "md5": "7c0d2bb7276904b382e80bf2d85e8a96"
    },
    {
        "path": "/assets/js/svg-map.js",
        "type": "file",
        "md5": "b2f85a1dc7dd3babe4143630b9e8fd53"
    },
    {
        "path": "assets/svg",
        "type": "directory",
        "md5": false
    },
    {
        "path": "/assets/svg/gallery-icons-dark.svg",
        "type": "file",
        "md5": "452594838e74a3df91ad4a20cf53c831"
    },
    {
        "path": "/assets/svg/gallery-icons-light.svg",
        "type": "file",
        "md5": "ca77079e0fe8270a7447d7f1f5d543b0"
    },
    {
        "path": "/assets/svg/svg-map.svg",
        "type": "file",
        "md5": "c8a454075de364fda5bbedb753ee928a"
    },
    {
        "path": "authors",
        "type": "directory",
        "md5": false
    },
    {
        "path": "authors/g-willson",
        "type": "directory",
        "md5": false
    },
    {
        "path": "/authors/g-willson/index.html",
        "type": "file",
        "md5": "41425a026537f624f9f97bf5cbc7d144"
    },
    {
        "path": "authors/g-willson/page",
        "type": "directory",
        "md5": false
    },
    {
        "path": "authors/g-willson/page/2",
        "type": "directory",
        "md5": false
    },
    {
        "path": "/authors/g-willson/page/2/index.html",
        "type": "file",
        "md5": "569a71bed60b4af836dcc519c5d20ffa"
    },
    {
        "path": "authors/g-willson/page/3",
        "type": "directory",
        "md5": false
    },
    {
        "path": "/authors/g-willson/page/3/index.html",
        "type": "file",
        "md5": "1c54928a4161de0964c04a40c9a1603f"
    },
    {
        "path": "authors/g-willson/page/4",
        "type": "directory",
        "md5": false
    },
    {
        "path": "/authors/g-willson/page/4/index.html",
        "type": "file",
        "md5": "2b1d2d85485cc7766095321e5033553f"
    },
    {
        "path": "blessi-machakos-eco-pioneer.html",
        "type": "file",
        "md5": "0e5df198df4af0b8cf572eed4415804e"
    },
    {
        "path": "bonface-green-crusader.html",
        "type": "file",
        "md5": "20e016f137b9974dcd31715ea09819cd"
    },
    {
        "path": "bonface-murithi-green-crusader.html",
        "type": "file",
        "md5": "702ca42f5cef97a022ce71b2c2a240f7"
    },
    {
        "path": "brayo-green-crusader.html",
        "type": "file",
        "md5": "ba71188134a7c95c63982308a09c3d93"
    },
    {
        "path": "carbon-offset.html",
        "type": "file",
        "md5": "9accc21ad5eeea5fc08ff7a6568808bc"
    },
    {
        "path": "caro-machakos-eco-pioneer.html",
        "type": "file",
        "md5": "55451327e42f3cbb7142ce78fc239961"
    },
    {
        "path": "chacha-green-crusader.html",
        "type": "file",
        "md5": "789f10310794c58f1cc65b975ef77ac5"
    },
    {
        "path": "chinji-machakos-eco-pioneer.html",
        "type": "file",
        "md5": "4f968e892c97d2ec4232803e40db18ab"
    },
    {
        "path": "claudia-green-crusader.html",
        "type": "file",
        "md5": "27dc4efb5dac01f1f462b38daecbde3d"
    },
    {
        "path": "clement-green-crusader.html",
        "type": "file",
        "md5": "03cba5509f28765f1be19f3dc9c07ee3"
    },
    {
        "path": "collins-green-crusader.html",
        "type": "file",
        "md5": "49864676d424a154aceaec3c33fe8dcd"
    },
    {
        "path": "compost_buyer_greencrusader001.svg",
        "type": "file",
        "md5": "5680bbdae969fc91ee7a4e259703218f"
    },
    {
        "path": "compost_compost_outreach_worker_greencrusader001.svg",
        "type": "file",
        "md5": "9d11af2848b591fc41d15e26ec68dd06"
    },
    {
        "path": "compost_compostasfertilizer_greencrusader001.svg",
        "type": "file",
        "md5": "79cbdb24be127abfc29b53e883fc8238"
    },
    {
        "path": "compost_compostmaterialsbroker_greencrusader001.svg",
        "type": "file",
        "md5": "9d11af2848b591fc41d15e26ec68dd06"
    },
    {
        "path": "compost_compostmaterialsgatherer2_greencrusader001.svg",
        "type": "file",
        "md5": "0beed2ee5c60d0820ff9da36042b4d06"
    },
    {
        "path": "compost_compostmaterialsgatherer_greencrusader001.svg",
        "type": "file",
        "md5": "596cb26005c69b2ecd3cd7e11c6add8f"
    },
    {
        "path": "compost_compostmaterialsseller_greencrusader001.svg",
        "type": "file",
        "md5": "9d11af2848b591fc41d15e26ec68dd06"
    },
    {
        "path": "compost_compostmaterialssorter_greencrusader001.svg",
        "type": "file",
        "md5": "9d11af2848b591fc41d15e26ec68dd06"
    },
    {
        "path": "compost_maker_greencrusader001.svg",
        "type": "file",
        "md5": "5680bbdae969fc91ee7a4e259703218f"
    },
    {
        "path": "compost_materials-diversion-specialist2_greencrusader001.svg",
        "type": "file",
        "md5": "5217f8ceb0a5b9bda4c727a0b8279656"
    },
    {
        "path": "compost_materials-diversion-specialist_greencrusader001.svg",
        "type": "file",
        "md5": "7d82edc8a34a35245572fec8215ed61f"
    },
    {
        "path": "compost_site-maintainer_greencrusader001.svg",
        "type": "file",
        "md5": "07fe2f67c055f5492ad6bd3c093010fb"
    },
    {
        "path": "compost_transporter_greencrusader001.svg",
        "type": "file",
        "md5": "513f85ae9fb994307168514d8389277c"
    },
    {
        "path": "compost_transporter_greencrusader001a.svg",
        "type": "file",
        "md5": "64cff64533775d191af6b856960836a3"
    },
    {
        "path": "composting.html",
        "type": "file",
        "md5": "82b8f0effbb080b246d8affb135857a3"
    },
    {
        "path": "cover-cropping.html",
        "type": "file",
        "md5": "a1db531fba1b4683f44aad4ce75efe67"
    },
    {
        "path": "dominic-green-crusader.html",
        "type": "file",
        "md5": "5098c3cc03887459203d30463aa3b07a"
    },
    {
        "path": "ecological-action.html",
        "type": "file",
        "md5": "b09e557aa5a8eb6d9c76f7ec225373c9"
    },
    {
        "path": "edwin-green-crusader.html",
        "type": "file",
        "md5": "79817558b5c5224ed7475ba5c0b960f8"
    },
    {
        "path": "efficient-cookstoves.html",
        "type": "file",
        "md5": "4ccfe4abf78c3f71dc0226425e5d9ecc"
    },
    {
        "path": "faei-machakos-eco-pioneer.html",
        "type": "file",
        "md5": "1165c6d7f2672d42c36352dc3cd450a2"
    },
    {
        "path": "faith-green-crusader.html",
        "type": "file",
        "md5": "dbfd13aba4eac03fdbbe3fe975e7f4f2"
    },
    {
        "path": "fidel-green-crusaders.html",
        "type": "file",
        "md5": "336754f65cd874b402ba1ee886215e8c"
    },
    {
        "path": "gideon-green-crusader.html",
        "type": "file",
        "md5": "734e163a2b96a1a8a59fd7006a62a2f3"
    },
    {
        "path": "gilbert-green-crusader.html",
        "type": "file",
        "md5": "696f8ac094b606528adff946693067bc"
    },
    {
        "path": "gloria-machakos-eco-pioneer.html",
        "type": "file",
        "md5": "7be056717f31713aee25b6610caf3813"
    },
    {
        "path": "ground-truthing.html",
        "type": "file",
        "md5": "012b0e1f3468dd420fc479b58a031cc5"
    },
    {
        "path": "hope-machakos-eco-pioneer.html",
        "type": "file",
        "md5": "cbe3f33a6b0781348ed5c697e6ea6fe3"
    },
    {
        "path": "index.html",
        "type": "file",
        "md5": "6033fb5b9e6559c3baa2f28695223536"
    },
    {
        "path": "introducing-ecotez.html",
        "type": "file",
        "md5": "7102e02d1883df02078eb5f012f12190"
    },
    {
        "path": "inyone-green-crusader.html",
        "type": "file",
        "md5": "c5d2c6258474baf771d5a18ee511e1e9"
    },
    {
        "path": "isaac-eco-warrior.html",
        "type": "file",
        "md5": "d9471268fd2839d4ad8bddb2dcf10b88"
    },
    {
        "path": "jacinta-green-crusader.html",
        "type": "file",
        "md5": "f37ca41febe517c493c139950ff44321"
    },
    {
        "path": "jackie-machakos-eco-pioneer.html",
        "type": "file",
        "md5": "08cd003df56e5db23cfe8e00188da41a"
    },
    {
        "path": "januaries-green-crusader.html",
        "type": "file",
        "md5": "67d154d1259f951cdc35935296d25be0"
    },
    {
        "path": "jay-c-machakos-eco-pioneer.html",
        "type": "file",
        "md5": "e76b125bf24c6ff6d376247f6bf839f5"
    },
    {
        "path": "jeamo-machakos-eco-pioneer.html",
        "type": "file",
        "md5": "256108b554b87809c851be0793ed838e"
    },
    {
        "path": "jimmy-machakos-eco-pioneer.html",
        "type": "file",
        "md5": "605cdf689169720ce4281d270a30f4bb"
    },
    {
        "path": "jonte-green-crusader.html",
        "type": "file",
        "md5": "3bf59a7c4b226702dbaf6c39cfd20052"
    },
    {
        "path": "joseph-green-crusader.html",
        "type": "file",
        "md5": "f0e0fdf00e5e57f4eeac750102f3f3e3"
    },
    {
        "path": "julie-machakos-eco-pioneer-2.html",
        "type": "file",
        "md5": "d17923c848e6964530e6d8519dc79eb9"
    },
    {
        "path": "julie-machakos-eco-pioneer.html",
        "type": "file",
        "md5": "f551c799ae690261219440472712114e"
    },
    {
        "path": "jullie-machakos-eco-pioneer.html",
        "type": "file",
        "md5": "0b8444e82ee7ad51ff453f8b628d8760"
    },
    {
        "path": "ken-green-crusader-2.html",
        "type": "file",
        "md5": "ed17976bbd9598bf44c4b0ba8893da56"
    },
    {
        "path": "ken-green-crusader.html",
        "type": "file",
        "md5": "43e50ceec81afb293d86a18376c951de"
    },
    {
        "path": "kifini.html",
        "type": "file",
        "md5": "53f2d3c2a0dab215f686bc2052efa0ef"
    },
    {
        "path": "kifinii-machakos-eco-pioneer.html",
        "type": "file",
        "md5": "7ffa1c9a8bc20def57963b0fbf752384"
    },
    {
        "path": "kimani-green-crusader.html",
        "type": "file",
        "md5": "723baf0a9810cd9505dd2c1a7a66286a"
    },
    {
        "path": "kioko-green-crusader-2.html",
        "type": "file",
        "md5": "bda21614c8ca3feb051e13de961ed702"
    },
    {
        "path": "kioko-green-crusader.html",
        "type": "file",
        "md5": "8e8af612f9af5e23e84b1d0cea179249"
    },
    {
        "path": "kiprotich-green-crusader.html",
        "type": "file",
        "md5": "145eaf69501a049322bd6be11b6e65a4"
    },
    {
        "path": "kipruti-green-crusader.html",
        "type": "file",
        "md5": "921dbab977bc0d228d0bd24508e84791"
    },
    {
        "path": "kipruto-green-crusader.html",
        "type": "file",
        "md5": "3b107e55abdc850dbab00b68c112d0c9"
    },
    {
        "path": "lawrence-green-crusader.html",
        "type": "file",
        "md5": "5ec559d146ccd9c8e9b1f2e9381cdcac"
    },
    {
        "path": "lifestyle-actions.html",
        "type": "file",
        "md5": "fffdc1121709fd0ade5b2138bda59165"
    },
    {
        "path": "maela-machakos-eco-pioneer.html",
        "type": "file",
        "md5": "928838fb4afb1dab09d0458a7b41bbaf"
    },
    {
        "path": "mamawatoto-garbagemap.html",
        "type": "file",
        "md5": "027fab45f4147b99be157a7216377744"
    },
    {
        "path": "matto-machakos-eco-pioneer.html",
        "type": "file",
        "md5": "ad094865db994648467bef55c69a0e36"
    },
    {
        "path": "maundu-green-crusader.html",
        "type": "file",
        "md5": "ba5300855a3c2c61340955cd3f71ff91"
    },
    {
        "path": "media",
        "type": "directory",
        "md5": false
    },
    {
        "path": "media/posts",
        "type": "directory",
        "md5": false
    },
    {
        "path": "media/posts/1",
        "type": "directory",
        "md5": false
    },
    {
        "path": "media/posts/1/gallery",
        "type": "directory",
        "md5": false
    },
    {
        "path": "/media/posts/1/gallery/Screenshot-2021-11-20-at-15-58-37-Facebook-thumbnail.png",
        "type": "file",
        "md5": "19985375a9adcc6869a9656976421a8d"
    },
    {
        "path": "/media/posts/1/gallery/Screenshot-2021-11-20-at-15-58-37-Facebook.png",
        "type": "file",
        "md5": "e788a8699709ab2d5636a5bd055bc344"
    },
    {
        "path": "/media/posts/1/gallery/Screenshot-from-2021-11-21-21-35-25-thumbnail.png",
        "type": "file",
        "md5": "55c26d239b3a93a0da948db5ebd855de"
    },
    {
        "path": "/media/posts/1/gallery/Screenshot-from-2021-11-21-21-35-25.png",
        "type": "file",
        "md5": "92547227063afcab1aef0afbb64678d4"
    },
    {
        "path": "/media/posts/1/gallery/ecotez1-thumbnail.png",
        "type": "file",
        "md5": "f9519d7d0a730b6869b18ad2ea67ce1a"
    },
    {
        "path": "/media/posts/1/gallery/ecotez1.png",
        "type": "file",
        "md5": "9522f84dcb96df8226c88db1c0c4e94c"
    },
    {
        "path": "/media/posts/1/gallery/ecotez_ships_icon-thumbnail.png",
        "type": "file",
        "md5": "1ca04be462b493b8aa707449a26efc10"
    },
    {
        "path": "/media/posts/1/gallery/ecotez_ships_icon.png",
        "type": "file",
        "md5": "09eebe17008a2f02c375fdaab6e6472a"
    },
    {
        "path": "media/posts/17",
        "type": "directory",
        "md5": false
    },
    {
        "path": "/media/posts/17/IMG-20211018-WA00071.jpg",
        "type": "file",
        "md5": "485058db1e939ee56475a99bb1494723"
    },
    {
        "path": "/media/posts/17/IMG-20211020-WA0006.jpg",
        "type": "file",
        "md5": "f4444edc589ef01bf6450d3da7fcd877"
    },
    {
        "path": "/media/posts/17/ecotez_plastics-diversion_example.png",
        "type": "file",
        "md5": "8c7eb858fed5af3c80b13c2f08082e9d"
    },
    {
        "path": "media/posts/17/responsive",
        "type": "directory",
        "md5": false
    },
    {
        "path": "/media/posts/17/responsive/IMG-20211018-WA00071-lg.jpg",
        "type": "file",
        "md5": "78e60167ca94aeee686238dc3ee7c726"
    },
    {
        "path": "/media/posts/17/responsive/IMG-20211018-WA00071-md.jpg",
        "type": "file",
        "md5": "09175edfb4c901fbe5cd8a789050d912"
    },
    {
        "path": "/media/posts/17/responsive/IMG-20211018-WA00071-sm.jpg",
        "type": "file",
        "md5": "484bf099edc11fd6f00ddd5d4e49bc4d"
    },
    {
        "path": "/media/posts/17/responsive/IMG-20211018-WA00071-xs.jpg",
        "type": "file",
        "md5": "52fae011229114592177682519d889d6"
    },
    {
        "path": "/media/posts/17/responsive/IMG-20211020-WA0006-lg.jpg",
        "type": "file",
        "md5": "b032ef2b3525970890e232c127bf7c42"
    },
    {
        "path": "/media/posts/17/responsive/IMG-20211020-WA0006-md.jpg",
        "type": "file",
        "md5": "b5febc0fefd49cb7cc8022d77ed6cf9c"
    },
    {
        "path": "/media/posts/17/responsive/IMG-20211020-WA0006-sm.jpg",
        "type": "file",
        "md5": "fac75781efb541d60c26536446d826bd"
    },
    {
        "path": "/media/posts/17/responsive/IMG-20211020-WA0006-xs.jpg",
        "type": "file",
        "md5": "53273b074e4d85bc190e05f21c2f2e6d"
    },
    {
        "path": "/media/posts/17/responsive/ecotez_plastics-diversion_example-lg.png",
        "type": "file",
        "md5": "f3985b3a059dbf4706b42529b51c21bf"
    },
    {
        "path": "/media/posts/17/responsive/ecotez_plastics-diversion_example-md.png",
        "type": "file",
        "md5": "f3985b3a059dbf4706b42529b51c21bf"
    },
    {
        "path": "/media/posts/17/responsive/ecotez_plastics-diversion_example-sm.png",
        "type": "file",
        "md5": "f3985b3a059dbf4706b42529b51c21bf"
    },
    {
        "path": "/media/posts/17/responsive/ecotez_plastics-diversion_example-xs.png",
        "type": "file",
        "md5": "f3985b3a059dbf4706b42529b51c21bf"
    },
    {
        "path": "media/posts/2",
        "type": "directory",
        "md5": false
    },
    {
        "path": "media/posts/2/gallery",
        "type": "directory",
        "md5": false
    },
    {
        "path": "/media/posts/2/gallery/IMG-20211018-WA0004-thumbnail.jpg",
        "type": "file",
        "md5": "ef98c420dbef95298489124eac950f49"
    },
    {
        "path": "/media/posts/2/gallery/IMG-20211018-WA0004.jpg",
        "type": "file",
        "md5": "d5564ca2644b9dd342408deef8a579a1"
    },
    {
        "path": "/media/posts/2/gallery/IMG-20211018-WA0005-thumbnail.jpg",
        "type": "file",
        "md5": "8b507e5ec969eedc6117be011220c603"
    },
    {
        "path": "/media/posts/2/gallery/IMG-20211018-WA0005.jpg",
        "type": "file",
        "md5": "c84d92e96ca2f208554a76df8fe22b3f"
    },
    {
        "path": "/media/posts/2/gallery/IMG-20211018-WA0006-thumbnail.jpg",
        "type": "file",
        "md5": "950b63fb3b88d84f9dfb4ef302d22ac1"
    },
    {
        "path": "/media/posts/2/gallery/IMG-20211018-WA0006.jpg",
        "type": "file",
        "md5": "d62d06636b54462c8e69cb0bba7ad13f"
    },
    {
        "path": "/media/posts/2/gallery/IMG-20211018-WA0008-thumbnail.jpg",
        "type": "file",
        "md5": "356e3d6dad4023261ac89c334dd2dac0"
    },
    {
        "path": "/media/posts/2/gallery/IMG-20211018-WA0008.jpg",
        "type": "file",
        "md5": "5fec18611e3afe29327f08440769a537"
    },
    {
        "path": "/media/posts/2/gallery/IMG-20211018-WA0010-thumbnail.jpg",
        "type": "file",
        "md5": "2175d3dcca08aebfd7903ba87188ca30"
    },
    {
        "path": "/media/posts/2/gallery/IMG-20211018-WA0010.jpg",
        "type": "file",
        "md5": "a7bb3ab001f24a4568ec2d4c19d4c3ea"
    },
    {
        "path": "/media/posts/2/gallery/IMG-20211018-WA0011-thumbnail.jpg",
        "type": "file",
        "md5": "18f8f3ad1026752c4309793ab60f97e2"
    },
    {
        "path": "/media/posts/2/gallery/IMG-20211018-WA0011.jpg",
        "type": "file",
        "md5": "b6a84b8b60da299e1155fc84882863a5"
    },
    {
        "path": "/media/posts/2/gallery/IMG-20211018-WA0012-thumbnail.jpg",
        "type": "file",
        "md5": "ff2f246c2436603ec158ad7ff1325260"
    },
    {
        "path": "/media/posts/2/gallery/IMG-20211018-WA0012.jpg",
        "type": "file",
        "md5": "068cf9833ab5034f865c6f9a398eb18e"
    },
    {
        "path": "/media/posts/2/gallery/IMG-20211018-WA0015-thumbnail.jpg",
        "type": "file",
        "md5": "ebd8344c2c8ab329f78130377dcfa688"
    },
    {
        "path": "/media/posts/2/gallery/IMG-20211018-WA0015.jpg",
        "type": "file",
        "md5": "e1626e4cd41f2b292734e2406a3e915b"
    },
    {
        "path": "/media/posts/2/gallery/IMG-20211020-WA0003-thumbnail.jpg",
        "type": "file",
        "md5": "0b1681e20b21728d6218dc8360963b62"
    },
    {
        "path": "/media/posts/2/gallery/IMG-20211020-WA0003.jpg",
        "type": "file",
        "md5": "12f298a2ad5fa9efd07644a9c26aa278"
    },
    {
        "path": "/media/posts/2/gallery/IMG-20211020-WA0004-thumbnail.jpg",
        "type": "file",
        "md5": "4e04240f24d8b20c85de726d9c0e1ca2"
    },
    {
        "path": "/media/posts/2/gallery/IMG-20211020-WA0004.jpg",
        "type": "file",
        "md5": "e8dc1698f41e3e8f5ab84ea7a4a497b5"
    },
    {
        "path": "/media/posts/2/gallery/IMG-20211020-WA0005-thumbnail.jpg",
        "type": "file",
        "md5": "ab53ee28234b045254275cfbaa9e0a0d"
    },
    {
        "path": "/media/posts/2/gallery/IMG-20211020-WA0005.jpg",
        "type": "file",
        "md5": "f45d545b940a4288ecc0b0bab8a7c1fa"
    },
    {
        "path": "/media/posts/2/gallery/IMG-20211020-WA0006-thumbnail.jpg",
        "type": "file",
        "md5": "b5febc0fefd49cb7cc8022d77ed6cf9c"
    },
    {
        "path": "/media/posts/2/gallery/IMG-20211020-WA0006.jpg",
        "type": "file",
        "md5": "f4444edc589ef01bf6450d3da7fcd877"
    },
    {
        "path": "/media/posts/2/gallery/IMG-20211020-WA0007-thumbnail.jpg",
        "type": "file",
        "md5": "78af337a9f5a980c4cbb51edcfcf70b1"
    },
    {
        "path": "/media/posts/2/gallery/IMG-20211020-WA0007.jpg",
        "type": "file",
        "md5": "a23302c9c229d85943151f33d79878a6"
    },
    {
        "path": "/media/posts/2/gallery/IMG-20211020-WA0008-thumbnail.jpg",
        "type": "file",
        "md5": "a7b03f602383e182da8361e6efb37349"
    },
    {
        "path": "/media/posts/2/gallery/IMG-20211020-WA0008.jpg",
        "type": "file",
        "md5": "fd34f71824e92a4c08b2d3fa77022c47"
    },
    {
        "path": "/media/posts/2/gallery/mamawatoto_header_Seedlings-thumbnail.png",
        "type": "file",
        "md5": "8cf4fe01136f30e4d237f0fa1be8c4da"
    },
    {
        "path": "/media/posts/2/gallery/mamawatoto_header_Seedlings.png",
        "type": "file",
        "md5": "9490b4d0ac742701fb7eef1446106844"
    },
    {
        "path": "/media/posts/2/mamawatoto.PNG",
        "type": "file",
        "md5": "ddf1a6ada032b5b2901c9469f014b07a"
    },
    {
        "path": "media/posts/2/responsive",
        "type": "directory",
        "md5": false
    },
    {
        "path": "/media/posts/2/responsive/mamawatoto-2xl.PNG",
        "type": "file",
        "md5": "2123b9795aa92a7aeb0341fd2826821e"
    },
    {
        "path": "/media/posts/2/responsive/mamawatoto-lg.PNG",
        "type": "file",
        "md5": "85c693f1553079bb52bfe78fe792bc95"
    },
    {
        "path": "/media/posts/2/responsive/mamawatoto-md.PNG",
        "type": "file",
        "md5": "737fc3f7129d62300ec3a5a276a3d1c6"
    },
    {
        "path": "/media/posts/2/responsive/mamawatoto-sm.PNG",
        "type": "file",
        "md5": "3b0a4990dbff7315a1a2f5e0a04fe90b"
    },
    {
        "path": "/media/posts/2/responsive/mamawatoto-sm2.PNG",
        "type": "file",
        "md5": "89d795046a8f3adc261dcaed018aa371"
    },
    {
        "path": "/media/posts/2/responsive/mamawatoto-xl.PNG",
        "type": "file",
        "md5": "2123b9795aa92a7aeb0341fd2826821e"
    },
    {
        "path": "/media/posts/2/responsive/mamawatoto-xs.PNG",
        "type": "file",
        "md5": "cac5f165fcfae4baee1e3567e841a9f7"
    },
    {
        "path": "media/posts/3",
        "type": "directory",
        "md5": false
    },
    {
        "path": "/media/posts/3/machakos_09a.svg",
        "type": "file",
        "md5": "71a5f6b90af897e40634ca8093a12b29"
    },
    {
        "path": "media/posts/37",
        "type": "directory",
        "md5": false
    },
    {
        "path": "/media/posts/37/machakos.svg",
        "type": "file",
        "md5": "b0a8f741c7369c4a48f9838a402d244f"
    },
    {
        "path": "media/posts/4",
        "type": "directory",
        "md5": false
    },
    {
        "path": "/media/posts/4/machakos_09a.svg",
        "type": "file",
        "md5": "71a5f6b90af897e40634ca8093a12b29"
    },
    {
        "path": "media/website",
        "type": "directory",
        "md5": false
    },
    {
        "path": "/media/website/ecotez.png",
        "type": "file",
        "md5": "b4353f13493fe295ecd9afa3e536ace7"
    },
    {
        "path": "media/website/responsive",
        "type": "directory",
        "md5": false
    },
    {
        "path": "/media/website/responsive/ecotez-2xl.png",
        "type": "file",
        "md5": "61916e2b6115b14f644ae2b62a345e04"
    },
    {
        "path": "/media/website/responsive/ecotez-lg.png",
        "type": "file",
        "md5": "61916e2b6115b14f644ae2b62a345e04"
    },
    {
        "path": "/media/website/responsive/ecotez-md.png",
        "type": "file",
        "md5": "61916e2b6115b14f644ae2b62a345e04"
    },
    {
        "path": "/media/website/responsive/ecotez-sm.png",
        "type": "file",
        "md5": "61916e2b6115b14f644ae2b62a345e04"
    },
    {
        "path": "/media/website/responsive/ecotez-xl.png",
        "type": "file",
        "md5": "61916e2b6115b14f644ae2b62a345e04"
    },
    {
        "path": "/media/website/responsive/ecotez-xs.png",
        "type": "file",
        "md5": "61916e2b6115b14f644ae2b62a345e04"
    },
    {
        "path": "mercyline-machakos-eco-pioneer.html",
        "type": "file",
        "md5": "9ed62e5d5de57e00310d5a5562fe8331"
    },
    {
        "path": "meshack-green-crusaders.html",
        "type": "file",
        "md5": "dcb89407237e6e0f918bb7bb70f314a0"
    },
    {
        "path": "michael-green-crusader.html",
        "type": "file",
        "md5": "56b77425fe5644873821d7f300448369"
    },
    {
        "path": "mirriam.html",
        "type": "file",
        "md5": "5fca198c524cb8e9ecb50f1e565bea0d"
    },
    {
        "path": "muasa-green-crusader.html",
        "type": "file",
        "md5": "d3716f2c961378b8ba60044b66a4032d"
    },
    {
        "path": "muasya-green-crusader.html",
        "type": "file",
        "md5": "580c815569e007a925ea9c6485db9c05"
    },
    {
        "path": "muia-green-crusader.html",
        "type": "file",
        "md5": "c77e39eac9f372f7449e41a449f8934a"
    },
    {
        "path": "mukila.html",
        "type": "file",
        "md5": "8061e21bebd7b1ee64b4a40e7af9da62"
    },
    {
        "path": "muli-green-crusader.html",
        "type": "file",
        "md5": "115bb487ba27ba8969ce91a23dd7ae2b"
    },
    {
        "path": "mulwa-green-crusader.html",
        "type": "file",
        "md5": "2514cf01329edad5609dc810c567b8a4"
    },
    {
        "path": "mumanyi-green-crusader.html",
        "type": "file",
        "md5": "67aa17f6aff6c2ffc66c177e07a300c3"
    },
    {
        "path": "mumo-green-crusader.html",
        "type": "file",
        "md5": "6be36014fb7467d3574620c8ccb4d271"
    },
    {
        "path": "musembi-green-crusader.html",
        "type": "file",
        "md5": "4799160dd690531dfa7be30eecbf2857"
    },
    {
        "path": "musembi-machakos-eco-pioneer.html",
        "type": "file",
        "md5": "5ab05202c95f6b745e5ef6dd7f6c815e"
    },
    {
        "path": "musyoka-green-crusader.html",
        "type": "file",
        "md5": "c1a710922732a2c8f86db5cc0f14116a"
    },
    {
        "path": "muthama-green-crusader.html",
        "type": "file",
        "md5": "ef8a935701c87f77e81aa3bff9785d42"
    },
    {
        "path": "mutile-green-crusader.html",
        "type": "file",
        "md5": "26429dd53262bca484d2741221f896e2"
    },
    {
        "path": "mutiso-green-crusader.html",
        "type": "file",
        "md5": "671d8e2b8fc4d72161586dc1b8ea2a9b"
    },
    {
        "path": "mutisya-green-crusader.html",
        "type": "file",
        "md5": "119e2e87d86aa88c91b47a8f055e93fe"
    },
    {
        "path": "mutua.html",
        "type": "file",
        "md5": "b06e972b4b3cba5beefdf3bcd96b3da7"
    },
    {
        "path": "muuo-green-crusader.html",
        "type": "file",
        "md5": "e77ad5ffeaf19dc9207df9e293afdd81"
    },
    {
        "path": "mwandime-green-crusader.html",
        "type": "file",
        "md5": "7c63ddf59182129b7f26a22d1e47ad4d"
    },
    {
        "path": "nathan-green-crusader.html",
        "type": "file",
        "md5": "c1d5d8adc5c9e167ea24c92d06409e7a"
    },
    {
        "path": "ndoga.html",
        "type": "file",
        "md5": "7c388d700840b4e9c5897209cc1c885f"
    },
    {
        "path": "neema-machakos-eco-pioneer.html",
        "type": "file",
        "md5": "3113af9b03c1651017d8b1e9d4e87f5b"
    },
    {
        "path": "niuki-green-crusader.html",
        "type": "file",
        "md5": "3d02532cb1ddce1f8a21cedeb5844a94"
    },
    {
        "path": "nthenge-green-crusader.html",
        "type": "file",
        "md5": "f51f69b33488f59decb9e5c58655e21c"
    },
    {
        "path": "nyandera-green-crusader.html",
        "type": "file",
        "md5": "e72b8ff14b9a136c420c3100552bacfe"
    },
    {
        "path": "nyash-machakos-eco-pioneer.html",
        "type": "file",
        "md5": "aa4218805e0231f8f068e60db56b89f2"
    },
    {
        "path": "nzioki-green-crusader.html",
        "type": "file",
        "md5": "1f392527d417252d85827c450ab0488d"
    },
    {
        "path": "obed-green-crusader.html",
        "type": "file",
        "md5": "f27302f38915fa17b89a3aa9eb6a452a"
    },
    {
        "path": "ogaro-green-crusader.html",
        "type": "file",
        "md5": "a1c749c9bbc6d3bbf0c0808d945a98ff"
    },
    {
        "path": "ot-green-crusader.html",
        "type": "file",
        "md5": "0f2db5e53f9feff39f91d3f1dd5056ae"
    },
    {
        "path": "page",
        "type": "directory",
        "md5": false
    },
    {
        "path": "page/2",
        "type": "directory",
        "md5": false
    },
    {
        "path": "/page/2/index.html",
        "type": "file",
        "md5": "011c9f1f94e57e2d0dcd24dc7a07efe8"
    },
    {
        "path": "page/3",
        "type": "directory",
        "md5": false
    },
    {
        "path": "/page/3/index.html",
        "type": "file",
        "md5": "0bbbda6168e4f5318d581604109b4e13"
    },
    {
        "path": "page/4",
        "type": "directory",
        "md5": false
    },
    {
        "path": "/page/4/index.html",
        "type": "file",
        "md5": "c6bedf1fc7e73a6f3cd6ae9b5f75b22a"
    },
    {
        "path": "participation.html",
        "type": "file",
        "md5": "0065683a199b005b24e21bf33ce5c09e"
    },
    {
        "path": "patrick-green-crusader.html",
        "type": "file",
        "md5": "1c77debe2259589b5b5cdd73f71ab312"
    },
    {
        "path": "patrick-ii-green-crusader.html",
        "type": "file",
        "md5": "f3a36d2e5ce589c1cd957bc3e61b1e1e"
    },
    {
        "path": "paul-green-crusader.html",
        "type": "file",
        "md5": "a15ec020562dfbdd222c8ef8e5a43774"
    },
    {
        "path": "plastic-burn-abatement.html",
        "type": "file",
        "md5": "b4b4f74b7b0005cc5928edba2fd920e3"
    },
    {
        "path": "rafiki-1-kwa-albinus-green-crusader.html",
        "type": "file",
        "md5": "2bfa79cd2576a681f9b0f14408368441"
    },
    {
        "path": "rafiki-2-kwa-albinus.html",
        "type": "file",
        "md5": "bd20669924edb63fa07107e6cc76c407"
    },
    {
        "path": "rafiki-iii-na-albinus-green-crusaders.html",
        "type": "file",
        "md5": "cd3d4b257d8f9e0b89bf2c33da0b3a28"
    },
    {
        "path": "robots.txt",
        "type": "file",
        "md5": "50d8a018e8ae96732c8a2ba663c61d4e"
    },
    {
        "path": "scd-hub.html",
        "type": "file",
        "md5": "d52de04c68ae3d5c637a59bdac1d101c"
    },
    {
        "path": "search.html",
        "type": "file",
        "md5": "66cb313b19d0c318325a1ea5b279093e"
    },
    {
        "path": "simmo-green-crusader.html",
        "type": "file",
        "md5": "8ede83d8f56cb2f497d39d33c6d10fb6"
    },
    {
        "path": "sulieman-green-crusader.html",
        "type": "file",
        "md5": "ad20c4dc2d265eb6407b234f086f59bc"
    },
    {
        "path": "suzy-machakos-eco-pioneer.html",
        "type": "file",
        "md5": "8cc817b408e32514c80e2db825c48a11"
    },
    {
        "path": "tags",
        "type": "directory",
        "md5": false
    },
    {
        "path": "tags/compost",
        "type": "directory",
        "md5": false
    },
    {
        "path": "/tags/compost/index.html",
        "type": "file",
        "md5": "f49b0038957f22e38f774963a7a9b966"
    },
    {
        "path": "tags/eco-poet",
        "type": "directory",
        "md5": false
    },
    {
        "path": "/tags/eco-poet/index.html",
        "type": "file",
        "md5": "e8f6a6176f19476db8428f12b01f87ca"
    },
    {
        "path": "tags/garbagemap",
        "type": "directory",
        "md5": false
    },
    {
        "path": "/tags/garbagemap/index.html",
        "type": "file",
        "md5": "6c90b365fa6012ddd774053ec66813a6"
    },
    {
        "path": "tags/green-crusader",
        "type": "directory",
        "md5": false
    },
    {
        "path": "/tags/green-crusader/index.html",
        "type": "file",
        "md5": "1d4f161431556f98ec7dd4476bb804de"
    },
    {
        "path": "tags/green-crusader/page",
        "type": "directory",
        "md5": false
    },
    {
        "path": "tags/green-crusader/page/2",
        "type": "directory",
        "md5": false
    },
    {
        "path": "/tags/green-crusader/page/2/index.html",
        "type": "file",
        "md5": "4e5b0cc9ee4f32235bd3b4b5c67c212e"
    },
    {
        "path": "tags/green-crusader/page/3",
        "type": "directory",
        "md5": false
    },
    {
        "path": "/tags/green-crusader/page/3/index.html",
        "type": "file",
        "md5": "24172b2cf9ce19c5476fea556a8b2e7b"
    },
    {
        "path": "tags/group-leader",
        "type": "directory",
        "md5": false
    },
    {
        "path": "/tags/group-leader/index.html",
        "type": "file",
        "md5": "5bc78ef15ad6322c7faff27d895ecf94"
    },
    {
        "path": "/tags/index.html",
        "type": "file",
        "md5": "68db608c29aaf0080f32d32acbfd7635"
    },
    {
        "path": "tags/konza",
        "type": "directory",
        "md5": false
    },
    {
        "path": "/tags/konza/index.html",
        "type": "file",
        "md5": "22046a1bc15315c98f4e1a2136ef3ce7"
    },
    {
        "path": "tags/machakos",
        "type": "directory",
        "md5": false
    },
    {
        "path": "/tags/machakos/index.html",
        "type": "file",
        "md5": "fb36ef3f517804530f59b45d008e75c9"
    },
    {
        "path": "tags/machakos/page",
        "type": "directory",
        "md5": false
    },
    {
        "path": "tags/machakos/page/2",
        "type": "directory",
        "md5": false
    },
    {
        "path": "/tags/machakos/page/2/index.html",
        "type": "file",
        "md5": "e8be9c42af04fd5de490058e4da28627"
    },
    {
        "path": "tags/machakos/page/3",
        "type": "directory",
        "md5": false
    },
    {
        "path": "/tags/machakos/page/3/index.html",
        "type": "file",
        "md5": "a0af473fdfc78d2a88712a9f862e36f4"
    },
    {
        "path": "tags/nft",
        "type": "directory",
        "md5": false
    },
    {
        "path": "/tags/nft/index.html",
        "type": "file",
        "md5": "5ca686ddc5960fa11ee5ca6681535f0e"
    },
    {
        "path": "tags/nft/page",
        "type": "directory",
        "md5": false
    },
    {
        "path": "tags/nft/page/2",
        "type": "directory",
        "md5": false
    },
    {
        "path": "/tags/nft/page/2/index.html",
        "type": "file",
        "md5": "94f283522b91824c7eb14d8c45358810"
    },
    {
        "path": "tags/nft/page/3",
        "type": "directory",
        "md5": false
    },
    {
        "path": "/tags/nft/page/3/index.html",
        "type": "file",
        "md5": "ee6a2b041373fd065ce4d35c9e7a4a17"
    },
    {
        "path": "tags/njiru",
        "type": "directory",
        "md5": false
    },
    {
        "path": "/tags/njiru/index.html",
        "type": "file",
        "md5": "2d2a4bcf3c307c5810da618db200d9cd"
    },
    {
        "path": "tags/performance",
        "type": "directory",
        "md5": false
    },
    {
        "path": "/tags/performance/index.html",
        "type": "file",
        "md5": "e1fa48619ed2181b06b2bb5a2b7b086a"
    },
    {
        "path": "tanya-green-crusader.html",
        "type": "file",
        "md5": "28605b1a116c246ae3941eef113a6520"
    },
    {
        "path": "tommy-machakos-eco-pioneer.html",
        "type": "file",
        "md5": "6f10c577a0976b86cad718578f24b8fd"
    },
    {
        "path": "vela-machakos-eco-pioneer.html",
        "type": "file",
        "md5": "9f16c39e08ab2bdbd7b55e2e04a93a75"
    },
    {
        "path": "vero-machakos-eco-pioneer.html",
        "type": "file",
        "md5": "aa3fba4e33316c5bbb04c3aa6abd359a"
    },
    {
        "path": "vincent-green-crusader.html",
        "type": "file",
        "md5": "af7b91f4d7437a992e1bd0315658a9d8"
    },
    {
        "path": "wambua-green-crusaders.html",
        "type": "file",
        "md5": "f3ef5bd44e406ef128c7a89ca2078d3a"
    },
    {
        "path": "wari.html",
        "type": "file",
        "md5": "afeb178bf70695e13ca0cc7f10390869"
    },
    {
        "path": "wausi-green-crusaderr.html",
        "type": "file",
        "md5": "e3a2baa5ef968547f93ac2889e190173"
    },
    {
        "path": "wombua-green-crusader.html",
        "type": "file",
        "md5": "7e4c3f032025d10c3f4ad06819aec79f"
    },
    {
        "path": "wufula-green-crusader.html",
        "type": "file",
        "md5": "33ff9066e23f3be6b210f3fb5bf751fe"
    }
]